"country","iucn_cat","count","area_ha"
"ABNJ","Not Applicable",8,64688832.0543564
"AFG","II",1,59659.2796733016
"AFG","IV",4,216415.387399095
"AFG","Not Reported",5,1558264.41657224
"AGO","II",6,5178343.47653284
"AGO","IV",5,3041492.05979666
"AGO","Not Reported",1,6796661.17141693
"AGO","V",1,21431.3973582349
"ALA","Not Reported",25,2668.15142810859
"ALA","VI",1,5221.50097941571
"ALB","Ia",2,12068.5695535691
"ALB","II",12,95667.5655380668
"ALB","III",6,6200.54545122487
"ALB","IV",20,60357.1949656367
"ALB","Not Applicable",1,8795.54024912302
"ALB","V",4,53945.625981306
"ALB","VI",4,18239.1051895187
"AND","Not Applicable",1,1067.21120189009
"ARE","II",1,22504.621481264
"ARE","Not Applicable",1,424762.15308117
"ARE","Not Reported",7,1534068.76809734
"ARG","Ia",16,575761.609719779
"ARG","Ib",1,76446.5138207148
"ARG","II",42,3689729.91625212
"ARG","III",5,74566.2789383445
"ARG","IV",18,444886.680886521
"ARG","Not Applicable",22,5289555.01675519
"ARG","Not Reported",13,529282.035593672
"ARG","V",4,18529.1563074825
"ARG","VI",79,8492673.18814581
"ARM","Ia",3,35153.1450234304
"ARM","II",4,242981.001855287
"ARM","IV",27,89973.9035089364
"ARM","Not Applicable",3,477383.245989033
"ASM","II",2,547.186425377613
"ASM","IV",1,70.9540624402416
"ASM","Not Reported",8,3479469.61978894
"ATA","Ia",1,2088.08004412213
"ATF","Not Reported",1,2332714.27786393
"ATG","II",3,7345.03183670419
"ATG","Not Reported",8,6007.60490585032
"ATG","V",1,65.1893949297381
"AUS","Ia",2512,24622385.2074522
"AUS","Ib",69,3703692.09870012
"AUS","II",1087,175495589.278305
"AUS","III",2342,1006331.49384242
"AUS","IV",2304,39477192.7449095
"AUS","Not Applicable",82,60022724.1198654
"AUS","Not Reported",132,89052.1897194949
"AUS","V",229,1064981.0403551
"AUS","VI",1393,188020135.032238
"AUS, CCK","II",1,2601.91203611936
"AUS, CCK","Not Applicable",1,2601.91191509752
"AUS, CXR","II",1,8776.50963134415
"AUS, CXR","Not Applicable",2,786.140500273106
"AUS, NFK","II",1,493.458747681434
"AUT","Ia",3,1129.70770496716
"AUT","Ib",4,3146.24645602718
"AUT","II",9,235905.302514679
"AUT","III",192,2573.65199250794
"AUT","IV",638,503769.910734988
"AUT","Not Applicable",10,90290.2222234297
"AUT","Not Reported",1,78.0745363697877
"AUT","V",345,1782672.65422147
"AUT","VI",3,124808.537629636
"AZE","Ia",18,206530.114940522
"AZE","II",8,310590.178879538
"AZE","IV",26,541726.946141991
"AZE","Not Reported",1,14591.4207240277
"BDI","IV",7,98416.731885879
"BEL","II",9,313476.497822545
"BEL","IV",489,24945.169289267
"BEL","Not Applicable",464,728789.814090729
"BEL","Not Reported",573,105687.215041879
"BEL","VI",436,59222.3297056436
"BEN","II",2,861052.348131708
"BEN","Not Reported",23,1419612.28829735
"BEN","VI",3,433341.204740684
"BES","II",1,2242.998382453
"BES","Not Applicable",5,2412.80405479307
"BES","Not Reported",1,40.8353053567534
"BFA","II",3,482834.333757954
"BFA","IV",9,2532078.34288718
"BFA","Not Applicable",3,529025.354964999
"BFA","Not Reported",60,952799.678730911
"BGD","IV",11,223743.498070231
"BGD","Not Applicable",2,661451.18606063
"BGD","Not Reported",21,188983.481417734
"BGD","V",10,32298.1384513831
"BGR","Ia",55,76581.0310866708
"BGR","II",3,189916.050084005
"BGR","III",349,22707.5811259326
"BGR","IV",35,4424.67229711045
"BGR","Not Applicable",340,5454482.07257966
"BGR","Not Reported",40,1896618.30262857
"BGR","V",11,276721.526665729
"BGR","VI",510,55510.7076505127
"BHS","II",1,90401.6351254242
"BIH","Not Applicable",2,49261.7686407014
"BIH","Not Reported",3,9902.06639762089
"BLM","IV",4,1277.46560160493
"BLR","Ia",2,301043.785629905
"BLR","II",3,222287.227910609
"BLR","IV",114,923348.338038575
"BLR","Not Applicable",2,47999.1651914535
"BLZ","Ia",3,42642.2620707932
"BLZ","II",21,79903.2065957513
"BLZ","III",3,2896.78360723254
"BLZ","IV",34,429732.480229819
"BLZ","Not Applicable",3,147498.348897619
"BLZ","Not Reported",6,673.003753396577
"BLZ","VI",36,493928.571102457
"BMU","Ib",10,36.5255984459144
"BMU","II",62,1828.20785106362
"BMU","III",6,11.4613105727425
"BMU","IV",19,13716.7962897715
"BMU","Not Reported",27,72.5198517197949
"BMU","V",1,8.23923430677814
"BOL","Ib",2,1399990.75649357
"BOL","II",17,7125656.41379631
"BOL","IV",18,9305007.97307805
"BOL","Not Applicable",4,2166797.64600708
"BOL","Not Reported",18,3144956.8446401
"BOL","VI",5,1370926.36928189
"BRA","Ia",157,NaN
"BRA","II",298,35549465.3543094
"BRA","III",23,540448.915286299
"BRA","IV",42,64930.8928717195
"BRA","Not Applicable",14,10945662.0380419
"BRA","Not Reported",759,113400658.597027
"BRA","V",221,43503919.8931395
"BRA","VI",241,NaN
"BRB","II",1,243.769499488657
"BRB","Not Reported",1,2.09501448247174
"BRN","Ia",24,57924.1183386029
"BRN","II",3,79918.4578516008
"BRN","Not Applicable",1,15179.5699283708
"BRN","Not Reported",1,12985.0139555579
"BRN","V",7,4466.83358156836
"BTN","Ia",1,65069.2319921798
"BTN","II",4,788750.450556751
"BTN","IV",4,291788.736064315
"BWA","Ib",7,10351817.9160396
"BWA","II",6,405679.202965067
"BWA","IV",3,179705.318051041
"BWA","Not Applicable",1,6402595.25123128
"CAF","Ia",1,84295.8115304609
"CAF","II",4,3236493.8094924
"CAF","IV",8,4016656.08421376
"CAF","Not Applicable",2,1892814.79161889
"CAF","Not Reported",9,3228836.35135012
"CAF","VI",1,339312.661171513
"CAN","Ia",481,1035044.99165828
"CAN","Ib",225,34305739.1929227
"CAN","II",1551,48585547.4994661
"CAN","III",330,344778.172296673
"CAN","IV",496,2881801.83054491
"CAN","Not Applicable",40,18813407.8286152
"CAN","Not Reported",357,6493860.65394389
"CAN","V",142,83230.6137651165
"CAN","VI",874,8636762.62207324
"CHE","Ia",545,18556.0021195074
"CHE","III",25,29899.8285845831
"CHE","IV",5354,308672.238846163
"CHE","Not Applicable",13,124438.387105959
"CHE","V",215,672682.165917875
"CHE,ITA","Not Applicable",1,1123.2125323414
"CHL","Ia",2,15009610.2892584
"CHL","II",35,9156371.78619131
"CHL","III",15,28194.9544083536
"CHL","IV",100,5541968.92303376
"CHL","Not Applicable",22,8197424.38485936
"CHL","Not Reported",5,31458.1350399834
"CHN","Ia",1,44247.0023179475
"CHN","IV",2,30552.8453554386
"CHN","Not Applicable",39,8600863.66221404
"CHN","Not Reported",5,96369.4338266811
"CHN","V",673,124721590.958331
"CHN","VI",10,3926341.21486975
"CIV","Ia",3,57830.7009261719
"CIV","II",8,1888253.08422829
"CIV","IV",2,89991.0526814972
"CIV","Not Applicable",4,2687940.4216168
"CIV","Not Reported",223,5022482.44086758
"CIV,GIN","Not Applicable",1,19256.1104631762
"CMR","II",17,2825398.52876086
"CMR","IV",9,1059878.00555546
"CMR","Not Applicable",4,1509125.56057899
"CMR","Not Reported",67,1973433.79673062
"CMR,CAF,COG","Not Applicable",1,754915.027766456
"COD","Ia",1,223108.455206397
"COD","Ib",1,654640.150164803
"COD","II",9,NaN
"COD","Not Applicable",7,NaN
"COD","Not Reported",17,6230193.46572031
"COD","VI",11,6776812.04623382
"COG","II",3,2297100.01958589
"COG","IV",3,953980.092721579
"COG","Not Applicable",3,1976034.54843376
"COG","Not Reported",4,133157.429271211
"COK","IV",1,40.8773470142599
"COK","Not Reported",4,169.761343408429
"COL","II",36,6896600.40145906
"COL","III",1,634.720999281984
"COL","IV",11,1034429.78564822
"COL","Not Applicable",3,1581199.56053042
"COL","Not Reported",564,26768616.8675083
"COL","VI",6,72632.8749199045
"COM","Not Applicable",1,1166.93489086856
"CPV","Not Reported",3,10182.5226538545
"CRI","Ia",9,29754.0155914384
"CRI","Ib",1,1254.63016734182
"CRI","II",23,990209.023610944
"CRI","IV",38,186335.891073603
"CRI","Not Applicable",7,427664.811722023
"CRI","Not Reported",57,221471.248042177
"CRI","VI",40,373462.319912352
"CRI,PAN","Not Applicable",1,404760.89760612
"CUB","Ib",2,5848.72909044359
"CUB","II",28,1112995.5114831
"CUB","III",1,126.487318362238
"CUB","IV",21,309954.463682828
"CUB","Not Applicable",14,2943444.9139783
"CUB","Not Reported",189,933380.126885321
"CUB","V",6,9537.45931829788
"CUB","VI",12,1839619.28924016
"CUW","II",1,2310.90400875301
"CUW","Not Reported",8,1915.46201105779
"CYM","Ib",3,1521.13708867007
"CYM","II",12,1685.32327585574
"CYM","IV",31,7581.11307981997
"CYM","Not Applicable",1,137.662421355222
"CYM","Not Reported",2,659.831788796193
"CYP","Ia",1,3331.32923439939
"CYP","II",14,16146.1158437375
"CYP","III",1,0.0370444612880483
"CYP","Not Applicable",62,228352.701747267
"CYP","V",1,870.862309461566
"CZE","Ia",1,227.692229519507
"CZE","Ib",6,10007.49216691
"CZE","II",4,119104.201631083
"CZE","III",537,22239.6894291127
"CZE","IV",1792,66091.3220000313
"CZE","Not Applicable",1137,1592807.90624679
"CZE","V",36,1089898.18177062
"DEU","II",14,1027315.5388205
"DEU","IV",8057,1973371.72043247
"DEU","Not Applicable",5313,12894449.3058586
"DEU","Not Reported",622,622164.985219386
"DEU","V",8067,10084765.395518
"DJI","Ia",1,223.045072179499
"DJI","Not Reported",1,75.8889096117179
"DJI","VI",1,1006.85152449932
"DMA","II",1,6698.73822391399
"DMA","Not Applicable",1,6698.73822391399
"DMA","VI",2,9234.60824676462
"DNK","Ia",6,1814.75064528605
"DNK","Ib",7,15157.4642549503
"DNK","II",9,13475.3983863635
"DNK","III",20,8657.53924711306
"DNK","IV",294,475123.022237978
"DNK","Not Applicable",444,4960922.0051238
"DNK","Not Reported",149,191038.546906055
"DNK","V",1420,102383.383196084
"DNK,GRL","Not Applicable",1,402702.650491328
"DOM","Ia",6,18469.8366758871
"DOM","Ib",2,2255892.62905517
"DOM","II",19,851339.02646435
"DOM","III",17,45247.7342223876
"DOM","IV",15,51327.0304629923
"DOM","V",10,35887.2775820769
"DOM","VI",15,244440.140428418
"DZA","II",3,9924419.82295064
"DZA","Not Applicable",6,17533924.4325856
"DZA","V",1,80938.3710634632
"ECU","Ia",3,135515.499418296
"ECU","II",10,NaN
"ECU","III",1,3990.13483731993
"ECU","Not Applicable",7,NaN
"ECU","Not Reported",1,55435.0575590365
"ECU","V",1,1123.36290083536
"ECU","VI",9,NaN
"EGY","Ia",5,5889.20198582419
"EGY","II",2,766247.912721996
"EGY","III",2,583534.676886676
"EGY","IV",2,94111.3867409919
"EGY","Not Applicable",4,399231.886551233
"EGY","Not Reported",20,11164510.0857968
"EGY","V",3,477116.846924319
"EGY","VI",9,6577637.03034673
"ERI","IV",3,590299.112304572
"ERI","Not Reported",1,65168.1020003349
"ESH","Not Reported",1,1888849.87881761
"ESP","Ia",10,32900.1056370013
"ESP","Ib",66,34367.2521416335
"ESP","II",102,1132179.42350965
"ESP","III",259,111984.705502996
"ESP","IV",203,334973.339977577
"ESP","Not Applicable",2116,24070750.1711477
"ESP","Not Reported",698,1825168.42203583
"ESP","V",328,4507013.17796085
"ESP","VI",33,173217.943739275
"EST","Ia",29,8000.53457292937
"EST","Ib",316,190267.663473957
"EST","III",145,252.963127573609
"EST","IV",461,151338.861094476
"EST","Not Applicable",579,2950310.87626682
"EST","Not Reported",5391,694959.202687327
"EST","V",825,161835.384334217
"EST","VI",508,916650.951309553
"ETH","II",10,2224914.97895676
"ETH","IV",8,2339194.4112683
"ETH","Not Applicable",2,260169.960199046
"ETH","Not Reported",58,4413199.98746743
"ETH","VI",17,14853278.9300308
"FIN","Ia",20,159997.014863221
"FIN","Ib",6,127811.955450688
"FIN","II",36,979577.688162594
"FIN","III",2,771.119890106359
"FIN","IV",9,22118.1412629859
"FIN","Not Applicable",1904,7110063.83507376
"FIN","Not Reported",10446,254022.539146643
"FIN","VI",112,1898570.24608546
"FJI","Ia",7,6949.88994233955
"FJI","II",2,1478.12051341196
"FJI","IV",2,553.234006751723
"FJI","Not Reported",94,1146525.08442289
"FJI","VI",7,166383.433583307
"FRA","Ia",46,14008.6756707196
"FRA","II",5,261439.467820818
"FRA","III",13,1395.00199017124
"FRA","IV",2279,605754.492083829
"FRA","Not Applicable",1774,16141491.6391374
"FRA","Not Reported",7,661.584279890521
"FRA","V",53,9329526.41865585
"FRA,ESP","Not Applicable",1,25040.581595817
"FRA, NCL","Not Applicable",1,1567210.66460344
"FSM","Not Reported",1,834.043669764936
"GAB","IV",3,463540.79103786
"GAB","Not Applicable",4,1214010.37448997
"GAB","Not Reported",19,4000765.17501888
"GBR","IV",8864,2793414.80057882
"GBR","Not Applicable",1050,7488174.17712933
"GBR","Not Reported",179,273582.791215672
"GBR","V",157,6739553.62898764
"GBR,SHN","Not Applicable",1,391274.762299118
"GEO","Ia",19,180914.0815806
"GEO","II",10,274341.003233651
"GEO","III",10,795.743786785932
"GEO","IV",18,64678.0806397599
"GEO","Not Applicable",2,31863.2607980721
"GEO","Not Reported",1,2198.04225878525
"GEO","V",2,34184.9838244717
"GHA","Ia",1,33619.1522085661
"GHA","II",6,1014618.98287382
"GHA","IV",3,23795.2325094749
"GHA","Not Applicable",3,79162.3723519937
"GHA","Not Reported",239,2378392.95631875
"GHA","VI",5,102414.113176181
"GIN","Ia",1,14561.8934781321
"GIN","II",1,27816.8209957927
"GIN","Not Applicable",6,167414.537297606
"GIN","Not Reported",98,991312.546737933
"GLP","II",1,22068.4170075465
"GLP","IV",75,9679.87339168144
"GLP","Not Applicable",1,21000.8578177622
"GLP","V",1,224412.622940785
"GMB","II",2,5831.71053235592
"GMB","IV",1,93.6331644823425
"GMB","Not Applicable",3,31895.1152665401
"GMB","Not Reported",6,39572.8514679579
"GNB","II",2,204867.564486269
"GNB","Not Applicable",2,1081383.22373664
"GNB","Not Reported",20,2273510.82443217
"GNQ","Ib",1,51074.9802672924
"GNQ","II",3,295473.923626666
"GNQ","III",2,38983.2503255881
"GNQ","IV",3,67823.9582216776
"GNQ","Not Applicable",3,298113.395656929
"GNQ","Not Reported",4,132086.990713357
"GRC","Ia",8,22378.0429265759
"GRC","II",22,89302.3783903811
"GRC","III",28,48375.0485364023
"GRC","IV",619,1093667.06493567
"GRC","Not Applicable",433,5811565.18371588
"GRC","Not Reported",41,481642.840461365
"GRC","V",3,139034.763501367
"GRC","VI",58,1604123.18775634
"GRL","Ib",7,1277107.93929258
"GRL","II",1,96922565.8076237
"GRL","III",3,58395.8672018148
"GRL","IV",1,6962.89840193713
"GRL","Not Applicable",12,98035758.7507971
"GTM","II",13,130448.945135296
"GTM","III",13,429660.533191666
"GTM","IV",31,31683.2244959955
"GTM","Not Applicable",8,3032677.16798447
"GTM","Not Reported",61,904978.752577884
"GTM","V",125,52574.0787973942
"GTM","VI",6,1891916.54049181
"GUF","Ib",1,110584.560684793
"GUF","II",1,2021841.49669152
"GUF","IV",23,343101.512722204
"GUF","Not Applicable",2,217542.559731032
"GUF","V",2,1581043.4723126
"GUM","Not Reported",1,408.298179102099
"GUM","VI",1,12103.4107992638
"GUY","II",1,61022.0592875476
"GUY","VI",4,1770833.79705752
"HKG","Not Applicable",1,688.82331133378
"HKG","Not Reported",9,28019.1601104306
"HKG","V",10,15463.1819571056
"HND","II",15,654884.948920615
"HND","IV",23,175041.864239904
"HND","Not Applicable",3,1337982.39690808
"HND","Not Reported",16,1665616.10969101
"HRV","Ib",5,2728.65649465316
"HRV","II",8,97984.7465207647
"HRV","III",29,368.785002663796
"HRV","IV",81,93125.227101668
"HRV","Not Applicable",4,122417.988053387
"HRV","Not Reported",129,4365.15119979008
"HRV","V",100,580965.80379354
"HRV","VI",2,160120.116279658
"HUN","II",5,165123.88355939
"HUN","IV",37,19115.231807437
"HUN","Not Applicable",549,2900651.72697091
"HUN","V",20,199903.491710912
"HUN,SVK","Not Applicable",1,59566.4818767191
"IDN","Ia",84,2028326.84541641
"IDN","Ib",7,1199914.00173628
"IDN","II",36,16065730.0187968
"IDN","III",1,1767.14377687643
"IDN","IV",40,4310046.59066651
"IDN","Not Applicable",11,10882199.2624258
"IDN","Not Reported",249,19438089.4941728
"IDN","V",47,2692873.10777127
"IDN","VI",70,11739594.460745
"IND","Ia",1,105360.061441642
"IND","Ib",2,102682.320467341
"IND","II",52,3047305.43698324
"IND","IV",252,10616381.7347424
"IND","Not Applicable",12,1829049.14634397
"IND","Not Reported",39,2343826.85717033
"IOT","II",4,103792.688670857
"IOT","Not Reported",2,63829184.2838231
"IOT","V",1,9406.20703214848
"IRL","II",5,34819.7996266797
"IRL","IV",225,78103.0976067677
"IRL","Not Applicable",620,1933773.84154742
"IRN","II",16,1550371.8299488
"IRN","III",2,3233.36138343728
"IRN","IV",33,3912970.2199225
"IRN","Not Applicable",27,3363988.4037202
"IRN","Not Reported",18,856333.73570577
"IRN","V",53,5171697.77698639
"IRQ","Not Applicable",1,137376.549983687
"IRQ","Not Reported",1,139640.193585345
"ISL","Ia",2,6556.2132124614
"ISL","Ib",2,94679.8312872731
"ISL","II",7,1579198.82630553
"ISL","III",48,35355.2981491665
"ISL","IV",19,73440.3429364962
"ISL","Not Applicable",4,106209.573236838
"ISL","V",30,898679.979109094
"ISL","VI",15,560231.707641443
"ISR","II",1,3154.41596591653
"ISR","IV",96,262528.285526594
"ISR","Not Applicable",1,66.0564310486512
"ISR","Not Reported",157,180336.812367379
"ITA","Ia",116,62639.6781055485
"ITA","II",24,1599450.01985163
"ITA","III",55,6008.7045350129
"ITA","IV",490,3808530.3749001
"ITA","Not Applicable",2607,8193064.88650814
"ITA","Not Reported",1,2611.72769405659
"ITA","V",185,468041.192692622
"JAM","IV",8,5358.08412214729
"JAM","Not Applicable",4,67415.0875909198
"JAM","Not Reported",9,95915.465488292
"JAM","V",1,197317.763840831
"JAM","VI",117,109915.104421184
"JEY","Not Reported",10,213.145537127955
"JEY","V",3,276.316923647686
"JEY","VI",1,1079.13415853101
"JOR","IV",5,54077.3764206235
"JOR","Not Applicable",3,102919.773366857
"JOR","Not Reported",17,292940.263472071
"JOR","V",1,72875.1107867361
"JPN","Ia",5,9252.43035156361
"JPN","Ib",18,440754.53747425
"JPN","II",22,1567797.52909351
"JPN","IV",2,56555.9243043815
"JPN","Not Applicable",14,266697.688867709
"JPN","Not Reported",7,12233.6329419705
"JPN","V",114,5732105.01095668
"KAZ","Ia",8,859833.336018123
"KAZ","II",3,612829.114322935
"KAZ","IV",19,3442870.38005768
"KAZ","Not Applicable",5,1184717.07602564
"KAZ","Not Reported",7,7889950.15141305
"KEN","II",32,3288820.59544588
"KEN","IV",1,17031.2549616218
"KEN","Not Applicable",6,440202.06302116
"KEN","Not Reported",185,3355062.69348312
"KEN","VI",13,744913.501052414
"KGZ","Ia",6,873121.201587802
"KGZ","II",6,64206.2112694367
"KGZ","IV",16,321492.595470038
"KGZ","Not Applicable",2,636638.050312006
"KHM","II",6,567446.156078828
"KHM","III",1,12907.5564879374
"KHM","IV",16,2871145.53073634
"KHM","Not Applicable",5,562933.332701352
"KHM","Not Reported",11,776025.792912393
"KHM","V",3,99483.1680711889
"KHM","VI",3,411272.601818407
"KIR","Not Applicable",1,40845332.633054
"KIR","Not Reported",1,40845332.633054
"KOR","Ia",9,45246.4549985888
"KOR","II",15,575641.655432732
"KOR","III",1,0.660053443684159
"KOR","IV",181,414319.880963664
"KOR","Not Applicable",14,88675.4632055112
"KOR","V",151,162106.661476678
"KWT","II",1,32468.0100491685
"KWT","IV",9,272793.322090589
"KWT","Not Reported",16,4786.82738229783
"KWT","V",11,123211.258891806
"LAO","Not Applicable",1,217413.155742699
"LAO","Not Reported",8,923608.901407294
"LAO","VI",21,3399994.66621944
"LBN","Not Applicable",2,16885.3634355697
"LBR","Not Reported",16,1272560.21529523
"LCA","Not Applicable",1,1929.18728171736
"LCA","Not Reported",1,132.756811586897
"LCA","VI",14,7839.14998702428
"LIE","Ib",9,1308.0464393186
"LIE","IV",31,621.486979201439
"LIE","Not Applicable",1,91.4396952168629
"LIE","V",1,6248.14960122511
"LKA","Ia",17,45392.980041442
"LKA","II",14,543412.379116743
"LKA","IV",36,335625.311719886
"LKA","Not Applicable",6,107527.272744425
"LKA","Not Reported",348,1127736.89488287
"LSO","IV",1,6951.42715092305
"LSO","Not Reported",1,632400.268100061
"LTU","Ia",6,37080.0007890381
"LTU","II",5,157028.742226656
"LTU","IV",291,162891.073944091
"LTU","Not Applicable",488,1296147.93938172
"LTU","V",32,452903.305314995
"LTU","VI",29,251843.79357458
"LUX","Ib",40,6104.18837840513
"LUX","II",2,46929.3288909957
"LUX","IV",62,72735.4698155974
"LUX","Not Applicable",60,55273.8698781695
"LVA","Ib",4,25072.7406000231
"LVA","II",45,344386.570571988
"LVA","III",355,5280.86076180289
"LVA","IV",310,705178.494646318
"LVA","Not Applicable",334,1032738.09084767
"LVA","V",10,641265.358651921
"MAF","IV",15,3897.89942465061
"MAF","Not Applicable",1,3483.64100961079
"MAR","Not Applicable",5,58875.3414182148
"MAR","Not Reported",12,766827.145241887
"MCO","Not Applicable",1,23.2726462556821
"MDG","Ia",5,210353.513636942
"MDG","II",21,860022.660480526
"MDG","IV",20,329421.971271638
"MDG","Not Applicable",5,711250.507320541
"MDG","Not Reported",71,4074200.19327676
"MDG","VI",5,438941.831459538
"MEX","Ia",15,629.302917037645
"MEX","II",46,1411362.06701732
"MEX","III",7,17071.9052724686
"MEX","Not Applicable",45,14509598.5186166
"MEX","Not Reported",690,10304277.024519
"MEX","VI",63,17009057.8688105
"MKD","Ia",1,23.2323880733994
"MKD","II",3,115034.348290182
"MKD","III",38,78331.1288081105
"MKD","IV",9,3040.47497525513
"MKD","Not Applicable",3,103584.77329547
"MKD","Not Reported",1,7774.4204897274
"MLI","II",5,589408.186642638
"MLI","IV",16,5183903.04014298
"MLI","Not Applicable",2,1168350.44430362
"MLI","VI",10,1207407.73063612
"MLT","Ia",9,139.654984219407
"MLT","Ib",75,7839.32942317337
"MLT","II",7,601.941918809025
"MLT","III",52,1031.63077038505
"MLT","IV",19,2025.77913784866
"MLT","Not Applicable",35,5841.15348232393
"MLT","Not Reported",39,21017.1508536549
"MLT","V",1,276.368658201259
"MLT","VI",1,1084.09493224327
"MMR","II",6,1475843.61329088
"MMR","IV",29,3164513.74692329
"MMR","Not Applicable",6,661008.54970434
"MMR","Not Reported",15,1754690.19507809
"MMR","VI",2,166504.592971092
"MNE","II",1,123349.071263982
"MNE","Not Applicable",1,36000.0439379034
"MNG","Ia",3,6290798.06375613
"MNG","Ib",9,4185392.42353335
"MNG","II",16,8375393.98041222
"MNG","III",22,2029441.27985896
"MNG","Not Applicable",9,6610953.80214108
"MNG,RUS","Not Applicable",1,1255030.50463735
"MNP","IV",2,586.633426053538
"MNP","Not Reported",2,24723826.7090332
"MNP","V",2,396.701310549086
"MOZ","II",5,2547238.83884756
"MOZ","IV",8,2870216.01027011
"MOZ","Not Reported",30,9436548.58250695
"MOZ","V",2,25939.2673038351
"MOZ","VI",2,254201.484920187
"MRT","II",1,1187598.98585647
"MRT","Not Applicable",3,2439328.12093789
"MTQ","Ia",2,3068.59726677887
"MTQ","IV",40,2691.63344318596
"MTQ","V",1,64285.2009399914
"MUS","II",1,5620.83103604564
"MUS","Not Reported",12,5816.14065572533
"MWI","II",5,612138.380959204
"MWI","IV",4,391558.254955153
"MWI","Not Applicable",2,218264.972805233
"MWI","Not Reported",45,622237.284073927
"MYS","Ia",90,433961.262096126
"MYS","II",55,1079809.5794046
"MYS","III",1,45.229321544837
"MYS","IV",13,415832.428505526
"MYS","Not Applicable",5,711819.817730637
"MYS","Not Reported",47,1593337.84672177
"MYS","V",7,112863.939448235
"MYS","VI",1,22593.0653471454
"MYT","IV",19,1821.96794089441
"MYT","Not Reported",1,6835725.20785014
"NAM","II",9,10022917.3096525
"NAM","III",2,146.656198271939
"NAM","IV",1,989.427526953356
"NAM","Not Applicable",4,4617187.54175233
"NAM","Not Reported",151,29856682.5717988
"NAM","V",3,51951.1939043651
"NAM","VI",1,950063.076033208
"NCL","Ia",2,22760.0566589986
"NCL","II",3,11450.2069694718
"NCL","IV",19,29330.2316731596
"NCL","V",6,1086.35868675028
"NER","Ia",1,1275457.44504324
"NER","II",1,221162.00804096
"NER","IV",4,16404363.6228931
"NER","Not Applicable",8,11090122.9758378
"NER","Not Reported",1,786232.374723702
"NGA","Ia",1,489.659338659045
"NGA","II",7,2095547.61759946
"NGA","IV",9,858452.548598938
"NGA","Not Applicable",9,1013120.99054838
"NGA","Not Reported",943,10416975.0996878
"NIC","Ia",1,883571.013228111
"NIC","II",2,17974.1222239177
"NIC","III",2,21524.6190631501
"NIC","IV",46,362514.226540875
"NIC","Not Applicable",1,42519.2656981021
"NIC","Not Reported",31,4163005.89662241
"NIC","VI",1,681571.987901117
"NLD","II",20,135374.305376181
"NLD","IV",285,1590320.01859895
"NLD","Not Applicable",259,3598791.16296697
"NLD,DEU","Not Applicable",1,982190.541286042
"NOR","Ia",2040,714171.206421618
"NOR","Ib",1,1904.44897284169
"NOR","II",34,3139979.84959607
"NOR","III",91,168.293565179982
"NOR","IV",229,530777.050142627
"NOR","Not Applicable",34,258370.865099344
"NOR","Not Reported",266,115076.677051017
"NOR","V",138,1364371.73961396
"NPL","II",9,1040205.79461154
"NPL","IV",3,99684.3599711946
"NPL","Not Applicable",3,245492.664028522
"NPL","Not Reported",4,124174.479435424
"NPL","VI",6,1349903.55581077
"NZL","Ia",148,773386.270438595
"NZL","Ib",4,108657.846286582
"NZL","II",14,2479579.64190089
"NZL","III",3245,2912491.9792259
"NZL","IV",46,57622.9199885451
"NZL","Not Applicable",3,4067014.38202315
"NZL","Not Reported",442,743099.996791967
"NZL","V",44,1368928.2415944
"NZL","VI",20,113421109.58123
"OMN","II",2,3284490.83826512
"OMN","IV",3,43610.1383328236
"OMN","V",1,24000.619641359
"PAK","II",6,980726.076487248
"PAK","IV",49,3095723.03495777
"PAK","Not Applicable",6,65691.3771547311
"PAK","Not Reported",72,5002945.52884052
"PAK","V",5,94044.1589414627
"PAK","VI",2,18020.7791654025
"PAN","II",12,1097765.56128178
"PAN","III",2,8617.35229544072
"PAN","IV",6,42901.7800198942
"PAN","Not Applicable",6,1307371.6692781
"PAN","Not Reported",35,1321555.9981698
"PAN","V",1,385.909972727438
"PAN","VI",1,167789.375585072
"PER","II",12,7933564.77210919
"PER","III",12,323948.302046634
"PER","IV",2,8592.70413266347
"PER","Not Applicable",12,6552761.33923531
"PER","Not Reported",149,21924353.9956308
"PER","V",2,711633.912144691
"PER","VI",53,6858628.03497114
"PHL","Ib",4,12495.439472201
"PHL","II",52,824012.807565724
"PHL","III",4,23679.6512273022
"PHL","IV",19,2727783.39708306
"PHL","Not Applicable",5,346660.682535485
"PHL","Not Reported",160,211458.383959603
"PHL","V",44,1419115.87521521
"PHL","VI",210,910918.981751125
"PLW","Not Applicable",1,100451.240984095
"PNG","III",1,969.847055786607
"PNG","IV",1,3.17815044586862
"PNG","Not Applicable",1,511452.230251172
"PNG","Not Reported",48,1522408.30499372
"PNG","VI",4,357432.603068747
"POL","Ia",1,115.413231355265
"POL","II",16,212440.883543245
"POL","IV",1420,169761.51747423
"POL","Not Applicable",979,9912213.83259299
"POL","Not Reported",154,3364448.17417954
"POL","V",121,2591294.37692213
"POL,BLR","Not Applicable",1,92789.3792434888
"PRI","IV",8,10020.27360818
"PRI","Not Reported",34,30490.2635805691
"PRI","VI",1,11407.3521953094
"PRT","Ia",20,28216.4531606469
"PRT","Ib",29,543140.49241928
"PRT","II",1,69590.974831754
"PRT","III",35,8805.83766805544
"PRT","IV",70,10694094.3695261
"PRT","Not Applicable",180,2835632.66513288
"PRT","Not Reported",1,4.96836817151009
"PRT","V",50,644681.881943123
"PRT","VI",57,165027.08188392
"PRY","II",10,861105.052216367
"PRY","III",2,4551.45543243193
"PRY","IV",9,101145.180288436
"PRY","Not Applicable",3,607488.207411335
"PRY","Not Reported",6,703636.948443081
"PRY","V",1,65144.0946190043
"PRY","VI",2,92427.3377989392
"REU","Ia",5,7935.19217272277
"REU","II",1,105466.200352087
"REU","IV",24,12452.450557699
"REU","V",1,87721.9672454282
"ROU","Ia",56,222652.360091004
"ROU","II",13,319374.97757029
"ROU","III",179,17835.4323363655
"ROU","IV",584,322251.327745852
"ROU","Not Applicable",384,7237017.0225879
"ROU","V",16,1351004.8348074
"RUS","Ia",102,32140967.0090179
"RUS","II",63,20161691.7697996
"RUS","III",482,1515009.23995312
"RUS","IV",1212,90112706.3321257
"RUS","Not Applicable",91,50278535.2693839
"RUS","Not Reported",181,22811855.4658962
"RUS","V",116,1624513.42121128
"RUS","VI",117,48914573.8057813
"RWA","II",2,120257.275720853
"RWA","IV",3,132854.290631962
"RWA","Not Applicable",1,45564.4698079863
"SAU","II",4,1446831.22485513
"SAU","III",1,1220322.53580268
"SAU","IV",2,1546843.38607554
"SAU","Not Reported",2,78327.6245337677
"SAU","VI",8,55477407.9735141
"SDN","II",1,839973.063057826
"SEN","II",5,914230.979109769
"SEN","IV",3,1221746.60032521
"SEN","Not Applicable",7,2319492.89112872
"SEN","Not Reported",100,2753542.39922612
"SGP","II",3,2968.88532220774
"SGP","III",1,21.92968256821
"SGP","IV",2,140.73449288796
"SGP","Not Applicable",1,130.715188148008
"SGS","Ia",2,2112.8169585853
"SGS","Not Reported",1,466.042509208172
"SGS","VI",1,107934729.820946
"SHN","Ia",3,155.246585588422
"SHN","II",2,1566.40560201246
"SHN","III",2,505.654291574108
"SHN","IV",5,466.746756150065
"SHN","Not Reported",1,42.3309831046604
"SHN","V",4,83.7090016430599
"SHN","VI",1,152.825474771286
"SJM","Ia",24,9429649.16541512
"SJM","II",11,4105094.0413151
"SJM","III",1,1659.44028544913
"SJM","Not Applicable",5,4543.08921385947
"SLB","Not Applicable",1,82309.4791529029
"SLB","Not Reported",49,101088.99951909
"SLB","V",1,14176.0512293377
"SLB","VI",1,15354.056564042
"SLE","II",5,202071.286086299
"SLE","IV",1,1250.83680612791
"SLE","Not Reported",29,215550.800679939
"SLE","VI",1,21183.4913619195
"SLV","II",1,1399.94897468322
"SLV","Not Applicable",8,357494.827623752
"SLV","Not Reported",144,120264.850512192
"SOM","Not Reported",1,154743.854156429
"SPM","IV",1,1350.98760866894
"SRB","Ia",3,33.8720531914537
"SRB","Ib",1,44.0343078500317
"SRB","II",2,116975.360016381
"SRB","III",61,7870.87175132219
"SRB","IV",21,157443.824648997
"SRB","Not Reported",50,241261.743052294
"SRB","V",20,184099.641451524
"SRB","VI",2,15857.8199070125
"SSD","II",2,1642834.40553091
"STP","Not Reported",2,30343.8683905691
"SUR","II",2,1173557.00134336
"SUR","IV",9,325519.185928663
"SUR","Not Applicable",2,1633851.01416545
"SUR","Not Reported",6,477784.264364981
"SUR","VI",2,212617.824652251
"SVK","Ib",628,177728.638108972
"SVK","II",9,230336.65412021
"SVK","III",315,139798.174333231
"SVK","IV",178,92605.9355259428
"SVK","Not Applicable",433,1839797.6499863
"SVK","Not Reported",40,486521.987456717
"SVK","V",14,7767.72752336602
"SVN","Ia",5,208.087880234348
"SVN","Ib",50,7228.12199314853
"SVN","II",1,83979.4547238762
"SVN","III",336,18789.8541033039
"SVN","IV",1,63.4039610640074
"SVN","Not Applicable",288,1103107.0559112
"SVN","Not Reported",655,2437942.44046096
"SVN","V",43,159044.247740393
"SWE","Ia",2478,597810.821636521
"SWE","Ib",127,3091205.00151336
"SWE","II",22,699859.056374969
"SWE","III",311,32597.4963619913
"SWE","IV",1063,114387.499923103
"SWE","Not Applicable",4154,8873481.09687476
"SWE","Not Reported",8207,549252.548840488
"SWE","V",299,572858.266060547
"SWE,FIN","Not Applicable",1,355521.370145504
"SWZ","IV",2,35662.9140111494
"SWZ","VI",2,16641.6038448715
"SYC","Ia",2,35326.7558876935
"SYC","Ib",1,821.951329259812
"SYC","II",5,4965.42453420293
"SYC","Not Applicable",3,35284.4789898241
"SYC","Not Reported",1,85.5047415744944
"TCA","III",2,651.477601901188
"TCA","IV",3,41992.7798383498
"TCA","Not Applicable",1,37613.2652884306
"TCA","Not Reported",21,16113.1481772768
"TCA","V",4,9.49313439781447
"TCD","II",3,473977.350229709
"TCD","IV",7,11381077.1407369
"TCD","Not Applicable",3,378415.286956994
"TCD","Not Reported",1,2856004.87543736
"TGO","II",3,337898.151429901
"TGO","IV",4,72234.592007867
"TGO","Not Applicable",2,105211.756169931
"TGO","Not Reported",52,177294.855640249
"THA","Ia",58,3703229.66516569
"THA","II",147,7476313.84253489
"THA","Not Applicable",7,1957894.76951963
"TJK","Ia",3,97207.9445945299
"TJK","II",2,315500.323914564
"TJK","IV",10,178221.669013422
"TJK","Not Applicable",1,2537020.09697029
"TKM","Ia",8,1103607.69313409
"TKM","IV",8,516391.692176859
"TKM","Not Applicable",1,41249.9140074159
"TKM","Not Reported",13,971602.078624114
"TLS","Not Reported",28,194364.761219501
"TLS","V",1,125698.930876738
"TON","IV",5,403.887499913637
"TON","Not Reported",1,20.292012987022
"TON","V",1,88.4365131544049
"TON","VI",1,3088.45443686809
"TTO","IV",1,2112.18382631824
"TTO","Not Reported",41,150953.589598345
"TUN","II",4,28328.8889758178
"TUN","Not Applicable",5,39995.4509938427
"TUN","Not Reported",1,11267.4649470399
"TUR","Ia",4,2619.41477681599
"TUR","II",6,188481.735374923
"TUR","IV",11,168265.597133567
"TUR","Not Applicable",15,215869.013133016
"TUR","Not Reported",20,80034.0832608813
"TUR","V",3,21005.3271211643
"TUR","VI",1,23214.3442634945
"TUV","Not Reported",5,2374.80553649709
"TUV","VI",1,3984.62068981293
"TWN","Ia",11,96062.0098895344
"TWN","II",6,360038.12497566
"TWN","IV",1,379.533891103522
"TWN","Not Reported",4,84764.2660055706
"TZA","Ib",10,68075.8902021563
"TZA","II",14,5017269.72442866
"TZA","III",1,174.33058003114
"TZA","IV",68,11161481.9719264
"TZA","Not Applicable",8,12143882.1911251
"TZA","Not Reported",495,14525621.8887194
"TZA","VI",22,1464618.99952332
"UGA","II",10,1125979.42956108
"UGA","III",11,827762.201675598
"UGA","IV",1,18670.6343779223
"UGA","Not Applicable",8,628705.75959272
"UGA","Not Reported",661,1234352.99018406
"UGA","VI",12,496921.399502024
"UKR","Ia",13,224911.568194109
"UKR","II",8,517566.444795091
"UKR","III",205,39446.1515702112
"UKR","IV",1002,717670.662720727
"UKR","Not Applicable",13,518327.194233086
"UKR","Not Reported",12,206523.234396409
"UKR","V",19,321601.703290369
"UKR,DEU,SVK","Not Applicable",1,28943.1596023669
"UMI","II",1,119240.616872402
"UMI","IV",1,165430.585927555
"UMI","Not Reported",2,NaN
"UMI","V",1,219046.401216306
"URY","II",4,37492.7346372821
"URY","III",1,15.1357388256794
"URY","IV",2,9962.71260148664
"URY","Not Applicable",1,397985.219134723
"URY","Not Reported",1,743.190821478277
"URY","V",5,145052.95487552
"URY","VI",2,128125.678817595
"USA","Ia",1132,918704.629850587
"USA","Ib",1334,56774066.4922695
"USA","II",229,10465755.4744953
"USA","III",508,6872766.10278496
"USA","IV",7020,49185240.6759681
"USA","Not Applicable",37,42895622.0419788
"USA","Not Reported",641,154670107.287147
"USA","V",11798,25813924.3893164
"USA","VI",527,71904089.8388522
"USA,CAN","Not Applicable",2,10225212.4124788
"UZB","Ia",7,215351.73013765
"UZB","II",2,669423.582063628
"UZB","IV",1,8794.97275181167
"VEN","II",38,12163932.7614794
"VEN","III",12,5165300.96892621
"VEN","IV",8,179900.305329015
"VEN","Not Applicable",3,2918591.44975292
"VEN","Not Reported",12,4184905.58701385
"VEN","V",41,9692737.75779124
"VEN","VI",10,16460059.1159715
"VGB","II",1,109.138427992448
"VGB","III",1,315.317142854315
"VGB","Not Reported",6,540.641561094639
"VIR","II",1,5945.52234291922
"VIR","IV",3,330.681038473803
"VIR","Not Reported",5,423.754326022173
"VIR","V",1,7682.30378209851
"VNM","II",15,459227.624011252
"VNM","IV",41,1307454.99896942
"VNM","Not Applicable",32,4242415.99926655
"VNM","Not Reported",77,1508351.39696223
"VNM","V",26,193978.292815608
"VUT","III",1,213.535333170075
"VUT","Not Reported",9,40716.4417267293
"VUT","VI",3,6531.3376476148
"WSM","II",1,4755.63252777293
"XKX","Ia",8,1184.58276459711
"XKX","Ib",2,241.656689181393
"XKX","II",2,116316.834325751
"XKX","III",11,5670.10344002468
"XKX","V",3,1105.33084427652
"YEM","Not Applicable",1,408324.338657659
"ZAF","Ia",3,23539.9890488763
"ZAF","Ib",3,114329.255971847
"ZAF","II",36,2131045.670271
"ZAF","III",1,96.261486941771
"ZAF","IV",197,2120441.79057662
"ZAF","Not Applicable",22,1395102.96838212
"ZAF","Not Reported",696,23762134.4618572
"ZAF","V",2,4390.27015920326
"ZAF,LSO","Not Applicable",1,244503.093905278
"ZMB","II",17,6037675.2891664
"ZMB","IV",1,12694.8677412295
"ZMB","Not Applicable",2,400514.350921496
"ZMB","Not Reported",462,7301276.6293157
"ZMB","VI",36,14073795.4629576
"ZMB,ZWE","Not Applicable",1,7714.72163908035
"ZWE","Ib",1,954.161495218204
"ZWE","II",10,2686963.9507961
"ZWE","III",1,2647.91829762001
"ZWE","IV",1,12526.0258454852
"ZWE","Not Applicable",1,671550.363036306
"ZWE","Not Reported",147,5984532.38631738
"ZWE","V",10,375604.636826279
"ZWE","VI",18,1900131.72758512
